permalink,image
https://howtomanageasmalllawfirm.com/bootcamp/,[av_image src='https://howtomanageasmalllawfirm.com/wp-content/uploads/2020/10/inc-5000-award-years-white-bkgnd.jpg' attachment='63338' attachment_size='full' align='center' styling='' hover='' link='' target='' caption='' font_size='' appearance='' overlay_opacity='0.4' overlay_color='#000000' overlay_text_color='#ffffff' copyright='' animation='no-animation' av_uid='av-1mertpmp' custom_class='' admin_preview_bg=''][/av_image]
https://howtomanageasmalllawfirm.com/home-4aug2021/,"[av_image src='https://howtomanageasmalllawfirm.com/wp-content/uploads/2020/08/2020-inc5000_tag-twice-BLACK-V4.jpg' attachment='62304' attachment_size='full' align='center' styling='' hover='' link='manually,https://www.inc.com/profile/how-to-manage-a-small-law-firm' target='' caption='' font_size='' appearance='' overlay_opacity='0.4' overlay_color='#000000' overlay_text_color='#ffffff' copyright='' animation='no-animation' av_uid='av-zrp61ck' custom_class='' admin_preview_bg=''][/av_image]"
https://howtomanageasmalllawfirm.com/bootcamp-9sep2021-a-orig/,[av_image src='https://howtomanageasmalllawfirm.com/wp-content/uploads/2020/10/inc-5000-award-years-white-bkgnd.jpg' attachment='63338' attachment_size='full' align='center' styling='' hover='' link='' target='' caption='' font_size='' appearance='' overlay_opacity='0.4' overlay_color='#000000' overlay_text_color='#ffffff' copyright='' animation='no-animation' av_uid='av-1mertpmp' custom_class='' admin_preview_bg=''][/av_image]
https://howtomanageasmalllawfirm.com/bootcamp-17jun2021-d/,[av_image src='https://howtomanageasmalllawfirm.com/wp-content/uploads/2020/10/inc-5000-award-years-white-bkgnd.jpg' attachment='63338' attachment_size='full' align='center' styling='' hover='' link='' target='' caption='' font_size='' appearance='' overlay_opacity='0.4' overlay_color='#000000' overlay_text_color='#ffffff' copyright='' animation='no-animation' av_uid='av-1mertpmp' custom_class='' admin_preview_bg=''][/av_image]
https://howtomanageasmalllawfirm.com/bootcamp-15jun2021-b/,[av_image src='https://howtomanageasmalllawfirm.com/wp-content/uploads/2020/10/inc-5000-award-years-white-bkgnd.jpg' attachment='63338' attachment_size='full' align='center' styling='' hover='' link='' target='' caption='' font_size='' appearance='' overlay_opacity='0.4' overlay_color='#000000' overlay_text_color='#ffffff' copyright='' animation='no-animation' av_uid='av-1mertpmp' custom_class='' admin_preview_bg=''][/av_image]
https://howtomanageasmalllawfirm.com/bootcamp-15jun2021-a-rev20may2021/,[av_image src='https://howtomanageasmalllawfirm.com/wp-content/uploads/2020/10/inc-5000-award-years-white-bkgnd.jpg' attachment='63338' attachment_size='full' align='center' styling='' hover='' link='' target='' caption='' font_size='' appearance='' overlay_opacity='0.4' overlay_color='#000000' overlay_text_color='#ffffff' copyright='' animation='no-animation' av_uid='av-1mertpmp' custom_class='' admin_preview_bg=''][/av_image]
https://howtomanageasmalllawfirm.com/home-7may2021/,"[av_image src='https://howtomanageasmalllawfirm.com/wp-content/uploads/2020/08/2020-inc5000_tag-twice-BLACK-V4.jpg' attachment='62304' attachment_size='full' align='center' styling='' hover='' link='manually,https://www.inc.com/profile/how-to-manage-a-small-law-firm' target='' caption='' font_size='' appearance='' overlay_opacity='0.4' overlay_color='#000000' overlay_text_color='#ffffff' copyright='' animation='no-animation' av_uid='av-zrp61ck' custom_class='' admin_preview_bg=''][/av_image]"
https://howtomanageasmalllawfirm.com/bootcamp-jun-15-2021-a/,[av_image src='https://howtomanageasmalllawfirm.com/wp-content/uploads/2020/10/inc-5000-award-years-white-bkgnd.jpg' attachment='63338' attachment_size='full' align='center' styling='' hover='' link='' target='' caption='' font_size='' appearance='' overlay_opacity='0.4' overlay_color='#000000' overlay_text_color='#ffffff' copyright='' animation='no-animation' av_uid='av-1mertpmp' custom_class='' admin_preview_bg=''][/av_image]
https://howtomanageasmalllawfirm.com/bootcamp-may-18-a/,[av_image src='https://howtomanageasmalllawfirm.com/wp-content/uploads/2020/10/inc-5000-award-years-white-bkgnd.jpg' attachment='63338' attachment_size='full' align='center' styling='' hover='' link='' target='' caption='' font_size='' appearance='' overlay_opacity='0.4' overlay_color='#000000' overlay_text_color='#ffffff' copyright='' animation='no-animation' av_uid='av-1mertpmp' custom_class='' admin_preview_bg=''][/av_image]
https://howtomanageasmalllawfirm.com/bootcamp-popup/,[av_image src='https://howtomanageasmalllawfirm.com/wp-content/uploads/2020/10/inc-5000-award-years-white-bkgnd.jpg' attachment='63338' attachment_size='full' align='center' styling='' hover='' link='' target='' caption='' font_size='' appearance='' overlay_opacity='0.4' overlay_color='#000000' overlay_text_color='#ffffff' copyright='' animation='no-animation' av_uid='av-1mertpmp' custom_class='' admin_preview_bg=''][/av_image]
https://howtomanageasmalllawfirm.com/home-eric-test/,"[av_image src='https://howtomanageasmalllawfirm.com/wp-content/uploads/2020/08/2020-inc5000_tag-twice-BLACK-V4.jpg' attachment='62304' attachment_size='full' align='center' styling='' hover='' link='manually,https://www.inc.com/profile/how-to-manage-a-small-law-firm' target='' caption='' font_size='' appearance='' overlay_opacity='0.4' overlay_color='#000000' overlay_text_color='#ffffff' copyright='' animation='no-animation' av_uid='av-zrp61ck' custom_class='' admin_preview_bg=''][/av_image]"
https://howtomanageasmalllawfirm.com/best-thing-2020-videos-2019/,"[av_image src='https://howtomanageasmalllawfirm.com/wp-content/uploads/2020/08/2020-inc5000_tag-ranks.jpg' attachment='62329' attachment_size='full' align='center' styling='' hover='' link='' target='' caption='' font_size='' appearance='' overlay_opacity='0.4' overlay_color='#000000' overlay_text_color='#ffffff' copyright='' animation='no-animation' av_uid='av-jpobx033' custom_class='' admin_preview_bg='rgb(255, 255, 255) none repeat scroll 0% 0%'][/av_image]"
https://howtomanageasmalllawfirm.com/bootcamp-mar-18-2021-b/,[av_image src='https://howtomanageasmalllawfirm.com/wp-content/uploads/2020/10/inc-5000-award-years-white-bkgnd.jpg' attachment='63338' attachment_size='full' align='center' styling='' hover='' link='' target='' caption='' font_size='' appearance='' overlay_opacity='0.4' overlay_color='#000000' overlay_text_color='#ffffff' copyright='' animation='no-animation' av_uid='av-1mertpmp' custom_class='' admin_preview_bg=''][/av_image]
https://howtomanageasmalllawfirm.com/bootcamp-jan-7-2021-b/,[av_image src='https://howtomanageasmalllawfirm.com/wp-content/uploads/2020/10/inc-5000-award-years-white-bkgnd.jpg' attachment='63338' attachment_size='full' align='center' styling='' hover='' link='' target='' caption='' font_size='' appearance='' overlay_opacity='0.4' overlay_color='#000000' overlay_text_color='#ffffff' copyright='' animation='no-animation' av_uid='av-1mertpmp' custom_class='' admin_preview_bg=''][/av_image]
https://howtomanageasmalllawfirm.com/bootcamp-registration-jan-5-2021/,[av_image src='https://howtomanageasmalllawfirm.com/wp-content/uploads/2020/10/inc-5000-award-years-white-bkgnd.jpg' attachment='63338' attachment_size='full' align='center' styling='' hover='' link='' target='' caption='' font_size='' appearance='' overlay_opacity='0.4' overlay_color='#000000' overlay_text_color='#ffffff' copyright='' animation='no-animation' av_uid='av-1mertpmp' custom_class='' admin_preview_bg=''][/av_image]
https://howtomanageasmalllawfirm.com/mcle/,"[av_image src='https://howtomanageasmalllawfirm.com/wp-content/uploads/2020/08/2020-inc5000_tag-ranks.jpg' attachment='62329' attachment_size='full' align='center' styling='' hover='' link='' target='' caption='' font_size='' appearance='' overlay_opacity='0.4' overlay_color='#000000' overlay_text_color='#ffffff' copyright='' animation='no-animation' av_uid='av-jpobx033' custom_class='' admin_preview_bg='rgb(255, 255, 255) none repeat scroll 0% 0%'][/av_image]"
https://howtomanageasmalllawfirm.com/7figure-roundtable-replay/,[av_image src='https://howtomanageasmalllawfirm.com/wp-content/uploads/2020/10/inc-5000-award-years-white-bkgnd.jpg' attachment='63338' attachment_size='full' align='center' styling='' hover='' link='' target='' caption='' font_size='' appearance='' overlay_opacity='0.4' overlay_color='#000000' overlay_text_color='#ffffff' copyright='' animation='no-animation' av_uid='av-1mertpmp' custom_class='' admin_preview_bg=''][/av_image]
https://howtomanageasmalllawfirm.com/bootcamp-registration-nov-3-2020/,[av_image src='https://howtomanageasmalllawfirm.com/wp-content/uploads/2020/10/inc-5000-award-years-white-bkgnd.jpg' attachment='63338' attachment_size='full' align='center' styling='' hover='' link='' target='' caption='' font_size='' appearance='' overlay_opacity='0.4' overlay_color='#000000' overlay_text_color='#ffffff' copyright='' animation='no-animation' av_uid='av-1mertpmp' custom_class='' admin_preview_bg=''][/av_image]
https://howtomanageasmalllawfirm.com/six-stages-quiz-short/,"[av_image src='https://howtomanageasmalllawfirm.com/wp-content/uploads/2020/08/2020-inc5000_tag-ranks.jpg' attachment='62329' attachment_size='full' align='center' styling='' hover='' link='' target='' caption='' font_size='' appearance='' overlay_opacity='0.4' overlay_color='#000000' overlay_text_color='#ffffff' copyright='' animation='no-animation' av_uid='av-jpobx033' custom_class='' admin_preview_bg='rgb(255, 255, 255) none repeat scroll 0% 0%'][/av_image]"
https://howtomanageasmalllawfirm.com/bootcamp-3nov2020/,[av_image src='https://howtomanageasmalllawfirm.com/wp-content/uploads/2020/08/2020-inc5000_tag-text.jpg' attachment='62332' attachment_size='full' align='center' styling='' hover='' link='' target='' caption='' font_size='' appearance='' overlay_opacity='0.4' overlay_color='#000000' overlay_text_color='#ffffff' copyright='' animation='no-animation' av_uid='av-1kpje56p' custom_class='' admin_preview_bg=''][/av_image]
https://howtomanageasmalllawfirm.com/bootcamp-webinar-replay/,[av_image src='https://howtomanageasmalllawfirm.com/wp-content/uploads/2020/08/2020-inc5000_tag-text.jpg' attachment='62332' attachment_size='full' align='center' styling='' hover='' link='' target='' caption='' font_size='' appearance='' overlay_opacity='0.4' overlay_color='#000000' overlay_text_color='#ffffff' copyright='' animation='no-animation' av_uid='av-1kpje56p' custom_class='' admin_preview_bg=''][/av_image]
https://howtomanageasmalllawfirm.com/bootcamp-registration-september-15-2020/,[av_image src='https://howtomanageasmalllawfirm.com/wp-content/uploads/2020/08/2020-inc5000_tag-text.jpg' attachment='62332' attachment_size='full' align='center' styling='' hover='' link='' target='' caption='' font_size='' appearance='' overlay_opacity='0.4' overlay_color='#000000' overlay_text_color='#ffffff' copyright='' animation='no-animation' av_uid='av-1kpje56p' custom_class='' admin_preview_bg=''][/av_image]
https://howtomanageasmalllawfirm.com/six-stages-quiz/,"[av_image src='https://howtomanageasmalllawfirm.com/wp-content/uploads/2020/08/2020-inc5000_tag-ranks.jpg' attachment='62329' attachment_size='full' align='center' styling='' hover='' link='' target='' caption='' font_size='' appearance='' overlay_opacity='0.4' overlay_color='#000000' overlay_text_color='#ffffff' copyright='' animation='no-animation' av_uid='av-jpobx033' custom_class='' admin_preview_bg='rgb(255, 255, 255) none repeat scroll 0% 0%'][/av_image]"
https://howtomanageasmalllawfirm.com/bootcamp-old/,[av_image src='https://howtomanageasmalllawfirm.com/wp-content/uploads/2020/08/2020-inc5000_tag-text.jpg' attachment='62332' attachment_size='full' align='center' styling='' hover='' link='' target='' caption='' font_size='' appearance='' overlay_opacity='0.4' overlay_color='#000000' overlay_text_color='#ffffff' copyright='' animation='no-animation' av_uid='av-1kpje56p' custom_class='' admin_preview_bg=''][/av_image]
https://howtomanageasmalllawfirm.com/bootcamp-registration-july-14-2020-revised-july-17/,[av_image src='https://howtomanageasmalllawfirm.com/wp-content/uploads/2019/02/inc5000_tag-twice.png' attachment='51926' attachment_size='full' align='center' styling='' hover='' link='' target='' caption='' font_size='' appearance='' overlay_opacity='0.4' overlay_color='#000000' overlay_text_color='#ffffff' copyright='' animation='no-animation' av_uid='av-1kpje56p' custom_class='' admin_preview_bg=''][/av_image]
https://howtomanageasmalllawfirm.com/moore-bootcamp/,"[av_image src='https://howtomanageasmalllawfirm.com/wp-content/uploads/2020/08/2020-inc5000_tag-ranks.jpg' attachment='62329' attachment_size='full' align='center' styling='' hover='' link='' target='' caption='' font_size='' appearance='' overlay_opacity='0.4' overlay_color='#000000' overlay_text_color='#ffffff' copyright='' animation='no-animation' av_uid='av-jpobx033' custom_class='' admin_preview_bg='rgb(255, 255, 255) none repeat scroll 0% 0%'][/av_image]"
https://howtomanageasmalllawfirm.com/hillary/,"[av_image src='https://howtomanageasmalllawfirm.com/wp-content/uploads/2019/12/Inc500_ranking_2019-1100x100.png' attachment='57742' attachment_size='full' align='center' styling='' hover='' link='' target='' caption='' font_size='' appearance='' overlay_opacity='0.4' overlay_color='#000000' overlay_text_color='#ffffff' copyright='' animation='no-animation' av_uid='av-jpobx033' custom_class='' admin_preview_bg='rgb(255, 255, 255) none repeat scroll 0% 0%'][/av_image]"
https://howtomanageasmalllawfirm.com/freed-marcroft/,"[av_image src='https://howtomanageasmalllawfirm.com/wp-content/uploads/2019/12/Inc500_ranking_2019-1100x100.png' attachment='57742' attachment_size='full' align='center' styling='' hover='' link='' target='' caption='' font_size='' appearance='' overlay_opacity='0.4' overlay_color='#000000' overlay_text_color='#ffffff' copyright='' animation='no-animation' av_uid='av-jpobx033' custom_class='' admin_preview_bg='rgb(255, 255, 255) none repeat scroll 0% 0%'][/av_image]"
https://howtomanageasmalllawfirm.com/racism-original/,"[av_image src='https://howtomanageasmalllawfirm.com/wp-content/uploads/2019/12/Inc500_ranking_2019-1100x100.png' attachment='57742' attachment_size='full' align='center' styling='' hover='' link='' target='' caption='' font_size='' appearance='' overlay_opacity='0.4' overlay_color='#000000' overlay_text_color='#ffffff' copyright='' animation='no-animation' av_uid='av-jpobx033' custom_class='' admin_preview_bg='rgb(255, 255, 255) none repeat scroll 0% 0%'][/av_image]"
https://howtomanageasmalllawfirm.com/60min-interview-sirvent/,"[av_image src='https://howtomanageasmalllawfirm.com/wp-content/uploads/2019/12/Inc500_ranking_2019-1100x100.png' attachment='57742' attachment_size='full' align='center' styling='' hover='' link='' target='' caption='' font_size='' appearance='' overlay_opacity='0.4' overlay_color='#000000' overlay_text_color='#ffffff' copyright='' animation='no-animation' av_uid='av-jpobx033' custom_class='' admin_preview_bg='rgb(255, 255, 255) none repeat scroll 0% 0%'][/av_image]"
https://howtomanageasmalllawfirm.com/60min-interview-matus/,"[av_image src='https://howtomanageasmalllawfirm.com/wp-content/uploads/2019/12/Inc500_ranking_2019-1100x100.png' attachment='57742' attachment_size='full' align='center' styling='' hover='' link='' target='' caption='' font_size='' appearance='' overlay_opacity='0.4' overlay_color='#000000' overlay_text_color='#ffffff' copyright='' animation='no-animation' av_uid='av-jpobx033' custom_class='' admin_preview_bg='rgb(255, 255, 255) none repeat scroll 0% 0%'][/av_image]"
https://howtomanageasmalllawfirm.com/flash-interview-freed/,"[av_image src='https://howtomanageasmalllawfirm.com/wp-content/uploads/2019/12/Inc500_ranking_2019-1100x100.png' attachment='57742' attachment_size='full' align='center' styling='' hover='' link='' target='' caption='' font_size='' appearance='' overlay_opacity='0.4' overlay_color='#000000' overlay_text_color='#ffffff' copyright='' animation='no-animation' av_uid='av-jpobx033' custom_class='' admin_preview_bg='rgb(255, 255, 255) none repeat scroll 0% 0%'][/av_image]"
https://howtomanageasmalllawfirm.com/bootcamp-registration-july-14-2020/,[av_image src='https://howtomanageasmalllawfirm.com/wp-content/uploads/2019/02/inc5000_tag-twice.png' attachment='51926' attachment_size='full' align='center' styling='' hover='' link='' target='' caption='' font_size='' appearance='' overlay_opacity='0.4' overlay_color='#000000' overlay_text_color='#ffffff' copyright='' animation='no-animation' av_uid='av-1kpje56p' custom_class='' admin_preview_bg=''][/av_image]
https://howtomanageasmalllawfirm.com/flash-interview-williams/,"[av_image src='https://howtomanageasmalllawfirm.com/wp-content/uploads/2019/12/Inc500_ranking_2019-1100x100.png' attachment='57742' attachment_size='full' align='center' styling='' hover='' link='' target='' caption='' font_size='' appearance='' overlay_opacity='0.4' overlay_color='#000000' overlay_text_color='#ffffff' copyright='' animation='no-animation' av_uid='av-jpobx033' custom_class='' admin_preview_bg='rgb(255, 255, 255) none repeat scroll 0% 0%'][/av_image]"
https://howtomanageasmalllawfirm.com/flash-interview-trembly/,"[av_image src='https://howtomanageasmalllawfirm.com/wp-content/uploads/2019/12/Inc500_ranking_2019-1100x100.png' attachment='57742' attachment_size='full' align='center' styling='' hover='' link='' target='' caption='' font_size='' appearance='' overlay_opacity='0.4' overlay_color='#000000' overlay_text_color='#ffffff' copyright='' animation='no-animation' av_uid='av-jpobx033' custom_class='' admin_preview_bg='rgb(255, 255, 255) none repeat scroll 0% 0%'][/av_image]"
https://howtomanageasmalllawfirm.com/not-lqm-success/,"[av_image src='https://howtomanageasmalllawfirm.com/wp-content/uploads/2020/08/2020-inc5000_tag-ranks.jpg' attachment='62329' attachment_size='full' align='center' styling='' hover='' link='' target='' caption='' font_size='' appearance='' overlay_opacity='0.4' overlay_color='#000000' overlay_text_color='#ffffff' copyright='' animation='no-animation' av_uid='av-jpobx033' custom_class='' admin_preview_bg='rgb(255, 255, 255) none repeat scroll 0% 0%'][/av_image]"
https://howtomanageasmalllawfirm.com/not-lqm-success-short/,"[av_image src='https://howtomanageasmalllawfirm.com/wp-content/uploads/2019/12/Inc500_ranking_2019-1100x100.png' attachment='57742' attachment_size='full' align='center' styling='' hover='' link='' target='' caption='' font_size='' appearance='' overlay_opacity='0.4' overlay_color='#000000' overlay_text_color='#ffffff' copyright='' animation='no-animation' av_uid='av-jpobx033' custom_class='' admin_preview_bg='rgb(255, 255, 255) none repeat scroll 0% 0%'][/av_image]"
https://howtomanageasmalllawfirm.com/bootcamp-registration-june-25-2020/,[av_image src='https://howtomanageasmalllawfirm.com/wp-content/uploads/2019/02/inc5000_tag-twice.png' attachment='51926' attachment_size='full' align='center' styling='' hover='' link='' target='' caption='' font_size='' appearance='' overlay_opacity='0.4' overlay_color='#000000' overlay_text_color='#ffffff' copyright='' animation='no-animation' av_uid='av-1kpje56p' custom_class='' admin_preview_bg=''][/av_image]
https://howtomanageasmalllawfirm.com/bootcamp-crazytimes/,[av_image src='https://howtomanageasmalllawfirm.com/wp-content/uploads/2019/02/inc5000_tag-twice.png' attachment='51926' attachment_size='full' align='center' styling='' hover='' link='' target='' caption='' font_size='' appearance='' overlay_opacity='0.4' overlay_color='#000000' overlay_text_color='#ffffff' copyright='' animation='no-animation' av_uid='av-1kpje56p' custom_class='' admin_preview_bg=''][/av_image]
https://howtomanageasmalllawfirm.com/stage-4-video-2/,"[av_image src='https://howtomanageasmalllawfirm.com/wp-content/uploads/2019/12/Inc500_ranking_2019-1100x100.png' attachment='57742' attachment_size='full' align='center' styling='' hover='' link='' target='' caption='' font_size='' appearance='' overlay_opacity='0.4' overlay_color='#000000' overlay_text_color='#ffffff' copyright='' animation='no-animation' av_uid='av-jpobx033' custom_class='' admin_preview_bg='rgb(255, 255, 255) none repeat scroll 0% 0%'][/av_image]"
https://howtomanageasmalllawfirm.com/stage-4-video-1/,"[av_image src='https://howtomanageasmalllawfirm.com/wp-content/uploads/2019/12/Inc500_ranking_2019-1100x100.png' attachment='57742' attachment_size='full' align='center' styling='' hover='' link='' target='' caption='' font_size='' appearance='' overlay_opacity='0.4' overlay_color='#000000' overlay_text_color='#ffffff' copyright='' animation='no-animation' av_uid='av-jpobx033' custom_class='' admin_preview_bg='rgb(255, 255, 255) none repeat scroll 0% 0%'][/av_image]"
https://howtomanageasmalllawfirm.com/bootcamp-registration-june-25-2020-orig/,[av_image src='https://howtomanageasmalllawfirm.com/wp-content/uploads/2019/02/inc5000_tag-twice.png' attachment='51926' attachment_size='full' align='center' styling='' hover='' link='' target='' caption='' font_size='' appearance='' overlay_opacity='0.4' overlay_color='#000000' overlay_text_color='#ffffff' copyright='' animation='no-animation' av_uid='av-1kpje56p' custom_class='' admin_preview_bg=''][/av_image]
https://howtomanageasmalllawfirm.com/home-stephanie-3jun2020/,"[av_image src='https://howtomanageasmalllawfirm.com/wp-content/uploads/2020/08/2020-inc5000_tag-twice-BLACK-V4.jpg' attachment='62304' attachment_size='full' align='center' styling='' hover='' link='manually,https://www.inc.com/profile/how-to-manage-a-small-law-firm' target='' caption='' font_size='' appearance='' overlay_opacity='0.4' overlay_color='#000000' overlay_text_color='#ffffff' copyright='' animation='no-animation' av_uid='av-zrp61ck' custom_class='' admin_preview_bg=''][/av_image]"
https://howtomanageasmalllawfirm.com/6-stages/,"[av_image src='https://howtomanageasmalllawfirm.com/wp-content/uploads/2020/08/2020-inc5000_tag-text.jpg' attachment='62332' attachment_size='full' align='center' styling='' hover='' link='manually,https://www.inc.com/profile/how-to-manage-a-small-law-firm' target='' caption='' font_size='' appearance='' overlay_opacity='0.4' overlay_color='#000000' overlay_text_color='#ffffff' copyright='' animation='no-animation' av_uid='av-1tk3n6l' custom_class='' admin_preview_bg=''][/av_image]"
https://howtomanageasmalllawfirm.com/emails-from-rjon-2020-05/,"[av_image src='https://howtomanageasmalllawfirm.com/wp-content/uploads/2019/12/Inc500_ranking_2019-1100x100.png' attachment='57742' attachment_size='full' align='center' styling='' hover='' link='' target='' caption='' font_size='' appearance='' overlay_opacity='0.4' overlay_color='#000000' overlay_text_color='#ffffff' copyright='' animation='no-animation' av_uid='av-jpobx033' custom_class='' admin_preview_bg='rgb(255, 255, 255) none repeat scroll 0% 0%'][/av_image]"
https://howtomanageasmalllawfirm.com/bootcamp-registration-may-26-2020/,[av_image src='https://howtomanageasmalllawfirm.com/wp-content/uploads/2019/02/inc5000_tag-twice.png' attachment='51926' attachment_size='full' align='center' styling='' hover='' link='' target='' caption='' font_size='' appearance='' overlay_opacity='0.4' overlay_color='#000000' overlay_text_color='#ffffff' copyright='' animation='no-animation' av_uid='av-1kpje56p' custom_class='' admin_preview_bg=''][/av_image]
https://howtomanageasmalllawfirm.com/bootcamp-pre-covid19/,[av_image src='https://howtomanageasmalllawfirm.com/wp-content/uploads/2019/02/inc5000_tag-twice.png' attachment='51926' attachment_size='full' align='center' styling='' hover='' link='' target='' caption='' font_size='' appearance='' overlay_opacity='0.4' overlay_color='#000000' overlay_text_color='#ffffff' copyright='' animation='no-animation' av_uid='av-1kpje56p' custom_class='' admin_preview_bg=''][/av_image]
https://howtomanageasmalllawfirm.com/stage-5-video-6/,"[av_image src='https://howtomanageasmalllawfirm.com/wp-content/uploads/2019/12/Inc500_ranking_2019-1100x100.png' attachment='57742' attachment_size='full' align='center' styling='' hover='' link='' target='' caption='' font_size='' appearance='' overlay_opacity='0.4' overlay_color='#000000' overlay_text_color='#ffffff' copyright='' animation='no-animation' av_uid='av-jpobx033' custom_class='' admin_preview_bg='rgb(255, 255, 255) none repeat scroll 0% 0%'][/av_image]"
https://howtomanageasmalllawfirm.com/stage-5-video-5/,"[av_image src='https://howtomanageasmalllawfirm.com/wp-content/uploads/2019/12/Inc500_ranking_2019-1100x100.png' attachment='57742' attachment_size='full' align='center' styling='' hover='' link='' target='' caption='' font_size='' appearance='' overlay_opacity='0.4' overlay_color='#000000' overlay_text_color='#ffffff' copyright='' animation='no-animation' av_uid='av-jpobx033' custom_class='' admin_preview_bg='rgb(255, 255, 255) none repeat scroll 0% 0%'][/av_image]"
https://howtomanageasmalllawfirm.com/stage-5-video-4/,"[av_image src='https://howtomanageasmalllawfirm.com/wp-content/uploads/2019/12/Inc500_ranking_2019-1100x100.png' attachment='57742' attachment_size='full' align='center' styling='' hover='' link='' target='' caption='' font_size='' appearance='' overlay_opacity='0.4' overlay_color='#000000' overlay_text_color='#ffffff' copyright='' animation='no-animation' av_uid='av-jpobx033' custom_class='' admin_preview_bg='rgb(255, 255, 255) none repeat scroll 0% 0%'][/av_image]"
https://howtomanageasmalllawfirm.com/stage-5-video-3/,"[av_image src='https://howtomanageasmalllawfirm.com/wp-content/uploads/2019/12/Inc500_ranking_2019-1100x100.png' attachment='57742' attachment_size='full' align='center' styling='' hover='' link='' target='' caption='' font_size='' appearance='' overlay_opacity='0.4' overlay_color='#000000' overlay_text_color='#ffffff' copyright='' animation='no-animation' av_uid='av-jpobx033' custom_class='' admin_preview_bg='rgb(255, 255, 255) none repeat scroll 0% 0%'][/av_image]"
https://howtomanageasmalllawfirm.com/stage-5-video-2/,"[av_image src='https://howtomanageasmalllawfirm.com/wp-content/uploads/2019/12/Inc500_ranking_2019-1100x100.png' attachment='57742' attachment_size='full' align='center' styling='' hover='' link='' target='' caption='' font_size='' appearance='' overlay_opacity='0.4' overlay_color='#000000' overlay_text_color='#ffffff' copyright='' animation='no-animation' av_uid='av-jpobx033' custom_class='' admin_preview_bg='rgb(255, 255, 255) none repeat scroll 0% 0%'][/av_image]"
https://howtomanageasmalllawfirm.com/stage-5-video-1/,"[av_image src='https://howtomanageasmalllawfirm.com/wp-content/uploads/2019/12/Inc500_ranking_2019-1100x100.png' attachment='57742' attachment_size='full' align='center' styling='' hover='' link='' target='' caption='' font_size='' appearance='' overlay_opacity='0.4' overlay_color='#000000' overlay_text_color='#ffffff' copyright='' animation='no-animation' av_uid='av-jpobx033' custom_class='' admin_preview_bg='rgb(255, 255, 255) none repeat scroll 0% 0%'][/av_image]"
https://howtomanageasmalllawfirm.com/stage-3-video-6/,"[av_image src='https://howtomanageasmalllawfirm.com/wp-content/uploads/2019/12/Inc500_ranking_2019-1100x100.png' attachment='57742' attachment_size='full' align='center' styling='' hover='' link='' target='' caption='' font_size='' appearance='' overlay_opacity='0.4' overlay_color='#000000' overlay_text_color='#ffffff' copyright='' animation='no-animation' av_uid='av-jpobx033' custom_class='' admin_preview_bg='rgb(255, 255, 255) none repeat scroll 0% 0%'][/av_image]"
https://howtomanageasmalllawfirm.com/stage-3-video-5/,"[av_image src='https://howtomanageasmalllawfirm.com/wp-content/uploads/2019/12/Inc500_ranking_2019-1100x100.png' attachment='57742' attachment_size='full' align='center' styling='' hover='' link='' target='' caption='' font_size='' appearance='' overlay_opacity='0.4' overlay_color='#000000' overlay_text_color='#ffffff' copyright='' animation='no-animation' av_uid='av-jpobx033' custom_class='' admin_preview_bg='rgb(255, 255, 255) none repeat scroll 0% 0%'][/av_image]"
https://howtomanageasmalllawfirm.com/stage-3-video-4/,"[av_image src='https://howtomanageasmalllawfirm.com/wp-content/uploads/2019/12/Inc500_ranking_2019-1100x100.png' attachment='57742' attachment_size='full' align='center' styling='' hover='' link='' target='' caption='' font_size='' appearance='' overlay_opacity='0.4' overlay_color='#000000' overlay_text_color='#ffffff' copyright='' animation='no-animation' av_uid='av-jpobx033' custom_class='' admin_preview_bg='rgb(255, 255, 255) none repeat scroll 0% 0%'][/av_image]"
https://howtomanageasmalllawfirm.com/stage-3-video-3/,"[av_image src='https://howtomanageasmalllawfirm.com/wp-content/uploads/2019/12/Inc500_ranking_2019-1100x100.png' attachment='57742' attachment_size='full' align='center' styling='' hover='' link='' target='' caption='' font_size='' appearance='' overlay_opacity='0.4' overlay_color='#000000' overlay_text_color='#ffffff' copyright='' animation='no-animation' av_uid='av-jpobx033' custom_class='' admin_preview_bg='rgb(255, 255, 255) none repeat scroll 0% 0%'][/av_image]"
https://howtomanageasmalllawfirm.com/stage-3-video-2/,"[av_image src='https://howtomanageasmalllawfirm.com/wp-content/uploads/2019/12/Inc500_ranking_2019-1100x100.png' attachment='57742' attachment_size='full' align='center' styling='' hover='' link='' target='' caption='' font_size='' appearance='' overlay_opacity='0.4' overlay_color='#000000' overlay_text_color='#ffffff' copyright='' animation='no-animation' av_uid='av-jpobx033' custom_class='' admin_preview_bg='rgb(255, 255, 255) none repeat scroll 0% 0%'][/av_image]"
https://howtomanageasmalllawfirm.com/stage-3-video-1/,"[av_image src='https://howtomanageasmalllawfirm.com/wp-content/uploads/2019/12/Inc500_ranking_2019-1100x100.png' attachment='57742' attachment_size='full' align='center' styling='' hover='' link='' target='' caption='' font_size='' appearance='' overlay_opacity='0.4' overlay_color='#000000' overlay_text_color='#ffffff' copyright='' animation='no-animation' av_uid='av-jpobx033' custom_class='' admin_preview_bg='rgb(255, 255, 255) none repeat scroll 0% 0%'][/av_image]"
https://howtomanageasmalllawfirm.com/stage-2-video-6/,"[av_image src='https://howtomanageasmalllawfirm.com/wp-content/uploads/2019/12/Inc500_ranking_2019-1100x100.png' attachment='57742' attachment_size='full' align='center' styling='' hover='' link='' target='' caption='' font_size='' appearance='' overlay_opacity='0.4' overlay_color='#000000' overlay_text_color='#ffffff' copyright='' animation='no-animation' av_uid='av-jpobx033' custom_class='' admin_preview_bg='rgb(255, 255, 255) none repeat scroll 0% 0%'][/av_image]"
https://howtomanageasmalllawfirm.com/stage-2-video-5/,"[av_image src='https://howtomanageasmalllawfirm.com/wp-content/uploads/2019/12/Inc500_ranking_2019-1100x100.png' attachment='57742' attachment_size='full' align='center' styling='' hover='' link='' target='' caption='' font_size='' appearance='' overlay_opacity='0.4' overlay_color='#000000' overlay_text_color='#ffffff' copyright='' animation='no-animation' av_uid='av-jpobx033' custom_class='' admin_preview_bg='rgb(255, 255, 255) none repeat scroll 0% 0%'][/av_image]"
https://howtomanageasmalllawfirm.com/stage-2-video-4/,"[av_image src='https://howtomanageasmalllawfirm.com/wp-content/uploads/2019/12/Inc500_ranking_2019-1100x100.png' attachment='57742' attachment_size='full' align='center' styling='' hover='' link='' target='' caption='' font_size='' appearance='' overlay_opacity='0.4' overlay_color='#000000' overlay_text_color='#ffffff' copyright='' animation='no-animation' av_uid='av-jpobx033' custom_class='' admin_preview_bg='rgb(255, 255, 255) none repeat scroll 0% 0%'][/av_image]"
https://howtomanageasmalllawfirm.com/stage-2-video-3/,"[av_image src='https://howtomanageasmalllawfirm.com/wp-content/uploads/2019/12/Inc500_ranking_2019-1100x100.png' attachment='57742' attachment_size='full' align='center' styling='' hover='' link='' target='' caption='' font_size='' appearance='' overlay_opacity='0.4' overlay_color='#000000' overlay_text_color='#ffffff' copyright='' animation='no-animation' av_uid='av-jpobx033' custom_class='' admin_preview_bg='rgb(255, 255, 255) none repeat scroll 0% 0%'][/av_image]"
https://howtomanageasmalllawfirm.com/stage-2-video-2/,"[av_image src='https://howtomanageasmalllawfirm.com/wp-content/uploads/2019/12/Inc500_ranking_2019-1100x100.png' attachment='57742' attachment_size='full' align='center' styling='' hover='' link='' target='' caption='' font_size='' appearance='' overlay_opacity='0.4' overlay_color='#000000' overlay_text_color='#ffffff' copyright='' animation='no-animation' av_uid='av-jpobx033' custom_class='' admin_preview_bg='rgb(255, 255, 255) none repeat scroll 0% 0%'][/av_image]"
https://howtomanageasmalllawfirm.com/stage-2-video-1/,"[av_image src='https://howtomanageasmalllawfirm.com/wp-content/uploads/2019/12/Inc500_ranking_2019-1100x100.png' attachment='57742' attachment_size='full' align='center' styling='' hover='' link='' target='' caption='' font_size='' appearance='' overlay_opacity='0.4' overlay_color='#000000' overlay_text_color='#ffffff' copyright='' animation='no-animation' av_uid='av-jpobx033' custom_class='' admin_preview_bg='rgb(255, 255, 255) none repeat scroll 0% 0%'][/av_image]"
https://howtomanageasmalllawfirm.com/stage-1-video-6/,"[av_image src='https://howtomanageasmalllawfirm.com/wp-content/uploads/2019/12/Inc500_ranking_2019-1100x100.png' attachment='57742' attachment_size='full' align='center' styling='' hover='' link='' target='' caption='' font_size='' appearance='' overlay_opacity='0.4' overlay_color='#000000' overlay_text_color='#ffffff' copyright='' animation='no-animation' av_uid='av-jpobx033' custom_class='' admin_preview_bg='rgb(255, 255, 255) none repeat scroll 0% 0%'][/av_image]"
https://howtomanageasmalllawfirm.com/stage-1-video-5/,"[av_image src='https://howtomanageasmalllawfirm.com/wp-content/uploads/2019/12/Inc500_ranking_2019-1100x100.png' attachment='57742' attachment_size='full' align='center' styling='' hover='' link='' target='' caption='' font_size='' appearance='' overlay_opacity='0.4' overlay_color='#000000' overlay_text_color='#ffffff' copyright='' animation='no-animation' av_uid='av-jpobx033' custom_class='' admin_preview_bg='rgb(255, 255, 255) none repeat scroll 0% 0%'][/av_image]"
https://howtomanageasmalllawfirm.com/stage-1-video-4/,"[av_image src='https://howtomanageasmalllawfirm.com/wp-content/uploads/2019/12/Inc500_ranking_2019-1100x100.png' attachment='57742' attachment_size='full' align='center' styling='' hover='' link='' target='' caption='' font_size='' appearance='' overlay_opacity='0.4' overlay_color='#000000' overlay_text_color='#ffffff' copyright='' animation='no-animation' av_uid='av-jpobx033' custom_class='' admin_preview_bg='rgb(255, 255, 255) none repeat scroll 0% 0%'][/av_image]"
https://howtomanageasmalllawfirm.com/stage-1-video-3/,"[av_image src='https://howtomanageasmalllawfirm.com/wp-content/uploads/2019/12/Inc500_ranking_2019-1100x100.png' attachment='57742' attachment_size='full' align='center' styling='' hover='' link='' target='' caption='' font_size='' appearance='' overlay_opacity='0.4' overlay_color='#000000' overlay_text_color='#ffffff' copyright='' animation='no-animation' av_uid='av-jpobx033' custom_class='' admin_preview_bg='rgb(255, 255, 255) none repeat scroll 0% 0%'][/av_image]"
https://howtomanageasmalllawfirm.com/stage-1-video-2/,"[av_image src='https://howtomanageasmalllawfirm.com/wp-content/uploads/2019/12/Inc500_ranking_2019-1100x100.png' attachment='57742' attachment_size='full' align='center' styling='' hover='' link='' target='' caption='' font_size='' appearance='' overlay_opacity='0.4' overlay_color='#000000' overlay_text_color='#ffffff' copyright='' animation='no-animation' av_uid='av-jpobx033' custom_class='' admin_preview_bg='rgb(255, 255, 255) none repeat scroll 0% 0%'][/av_image]"
https://howtomanageasmalllawfirm.com/stage-1-video-1/,"[av_image src='https://howtomanageasmalllawfirm.com/wp-content/uploads/2019/12/Inc500_ranking_2019-1100x100.png' attachment='57742' attachment_size='full' align='center' styling='' hover='' link='' target='' caption='' font_size='' appearance='' overlay_opacity='0.4' overlay_color='#000000' overlay_text_color='#ffffff' copyright='' animation='no-animation' av_uid='av-jpobx033' custom_class='' admin_preview_bg='rgb(255, 255, 255) none repeat scroll 0% 0%'][/av_image]"
https://howtomanageasmalllawfirm.com/appointment-priority/,"[av_image src='https://howtomanageasmalllawfirm.com/wp-content/uploads/2019/12/Inc500_ranking_2019-1100x100.png' attachment='57742' attachment_size='full' align='center' styling='' hover='' link='' target='' caption='' font_size='' appearance='' overlay_opacity='0.4' overlay_color='#000000' overlay_text_color='#ffffff' copyright='' animation='no-animation' av_uid='av-jpobx033' custom_class='' admin_preview_bg='rgb(255, 255, 255) none repeat scroll 0% 0%'][/av_image]"
https://howtomanageasmalllawfirm.com/business-problems/,"[av_image src='https://howtomanageasmalllawfirm.com/wp-content/uploads/2019/12/Inc500_ranking_2019-1100x100.png' attachment='57742' attachment_size='full' align='center' styling='' hover='' link='' target='' caption='' font_size='' appearance='' overlay_opacity='0.4' overlay_color='#000000' overlay_text_color='#ffffff' copyright='' animation='no-animation' av_uid='av-jpobx033' custom_class='' admin_preview_bg='rgb(255, 255, 255) none repeat scroll 0% 0%'][/av_image]"
https://howtomanageasmalllawfirm.com/bootcamp-dmga/,[av_image src='https://howtomanageasmalllawfirm.com/wp-content/uploads/2019/02/inc5000_tag-twice.png' attachment='51926' attachment_size='full' align='center' styling='' hover='' link='' target='' caption='' font_size='' appearance='' overlay_opacity='0.4' overlay_color='#000000' overlay_text_color='#ffffff' copyright='' animation='no-animation' av_uid='av-1kpje56p' custom_class='' admin_preview_bg=''][/av_image]
https://howtomanageasmalllawfirm.com/sales-video/,"[av_image src='https://howtomanageasmalllawfirm.com/wp-content/uploads/2019/12/Inc500_ranking_2019-1100x100.png' attachment='57742' attachment_size='full' align='center' styling='' hover='' link='' target='' caption='' font_size='' appearance='' overlay_opacity='0.4' overlay_color='#000000' overlay_text_color='#ffffff' copyright='' animation='no-animation' av_uid='av-jpobx033' custom_class='' admin_preview_bg='rgb(255, 255, 255) none repeat scroll 0% 0%'][/av_image]"
https://howtomanageasmalllawfirm.com/six-stages-quiz-embedded/,"[av_image src='https://howtomanageasmalllawfirm.com/wp-content/uploads/2019/12/Inc500_ranking_2019-1100x100.png' attachment='57742' attachment_size='full' align='center' styling='' hover='' link='' target='' caption='' font_size='' appearance='' overlay_opacity='0.4' overlay_color='#000000' overlay_text_color='#ffffff' copyright='' animation='no-animation' av_uid='av-jpobx033' custom_class='' admin_preview_bg='rgb(255, 255, 255) none repeat scroll 0% 0%'][/av_image]"
https://howtomanageasmalllawfirm.com/quantum-leap-yes/,"[av_image src='https://howtomanageasmalllawfirm.com/wp-content/uploads/2019/12/Inc500_ranking_2019-1100x100.png' attachment='57742' attachment_size='full' align='center' styling='' hover='' link='' target='' caption='' font_size='' appearance='' overlay_opacity='0.4' overlay_color='#000000' overlay_text_color='#ffffff' copyright='' animation='no-animation' av_uid='av-jpobx033' custom_class='' admin_preview_bg='rgb(255, 255, 255) none repeat scroll 0% 0%'][/av_image]"
https://howtomanageasmalllawfirm.com/quantum-leap-no/,"[av_image src='https://howtomanageasmalllawfirm.com/wp-content/uploads/2019/12/Inc500_ranking_2019-1100x100.png' attachment='57742' attachment_size='full' align='center' styling='' hover='' link='' target='' caption='' font_size='' appearance='' overlay_opacity='0.4' overlay_color='#000000' overlay_text_color='#ffffff' copyright='' animation='no-animation' av_uid='av-jpobx033' custom_class='' admin_preview_bg='rgb(255, 255, 255) none repeat scroll 0% 0%'][/av_image]"
https://howtomanageasmalllawfirm.com/six-stages-quiz-original/,"[av_image src='https://howtomanageasmalllawfirm.com/wp-content/uploads/2019/12/Inc500_ranking_2019-1100x100.png' attachment='57742' attachment_size='full' align='center' styling='' hover='' link='' target='' caption='' font_size='' appearance='' overlay_opacity='0.4' overlay_color='#000000' overlay_text_color='#ffffff' copyright='' animation='no-animation' av_uid='av-jpobx033' custom_class='' admin_preview_bg='rgb(255, 255, 255) none repeat scroll 0% 0%'][/av_image]"
https://howtomanageasmalllawfirm.com/leap-year-challenge/,"[av_image src='https://howtomanageasmalllawfirm.com/wp-content/uploads/2019/12/Inc500_ranking_2019-1100x100.png' attachment='57742' attachment_size='full' align='center' styling='' hover='' link='' target='' caption='' font_size='' appearance='' overlay_opacity='0.4' overlay_color='#000000' overlay_text_color='#ffffff' copyright='' animation='no-animation' av_uid='av-jpobx033' custom_class='' admin_preview_bg='rgb(255, 255, 255) none repeat scroll 0% 0%'][/av_image]"
https://howtomanageasmalllawfirm.com/bootcamp-registration-apr-2020/,[av_image src='https://howtomanageasmalllawfirm.com/wp-content/uploads/2019/02/inc5000_tag-twice.png' attachment='51926' attachment_size='full' align='center' styling='' hover='' link='' target='' caption='' font_size='' appearance='' overlay_opacity='0.4' overlay_color='#000000' overlay_text_color='#ffffff' copyright='' animation='no-animation' av_uid='av-1kpje56p' custom_class='' admin_preview_bg=''][/av_image]
https://howtomanageasmalllawfirm.com/2020-profits-planning-webinar/,"[av_image src='https://howtomanageasmalllawfirm.com/wp-content/uploads/2019/12/Inc500_ranking_2019-1100x100.png' attachment='57742' attachment_size='full' align='center' styling='' hover='' link='' target='' caption='' font_size='' appearance='' overlay_opacity='0.4' overlay_color='#000000' overlay_text_color='#ffffff' copyright='' animation='no-animation' av_uid='av-jpobx033' custom_class='' admin_preview_bg='rgb(255, 255, 255) none repeat scroll 0% 0%'][/av_image]"
https://howtomanageasmalllawfirm.com/bootcamp-appointment/,[av_image src='https://howtomanageasmalllawfirm.com/wp-content/uploads/2019/02/inc5000_tag-twice.png' attachment='51926' attachment_size='full' align='center' styling='' hover='' link='' target='' caption='' font_size='' appearance='' overlay_opacity='0.4' overlay_color='#000000' overlay_text_color='#ffffff' copyright='' animation='no-animation' av_uid='av-1kpje56p' custom_class='' admin_preview_bg=''][/av_image]
https://howtomanageasmalllawfirm.com/bootcamp-012020-pre-112019/,[av_image src='https://howtomanageasmalllawfirm.com/wp-content/uploads/2019/02/inc5000_tag-twice.png' attachment='51926' attachment_size='full' align='center' styling='' hover='' link='' target='' caption='' font_size='' appearance='' overlay_opacity='0.4' overlay_color='#000000' overlay_text_color='#ffffff' copyright='' animation='no-animation' av_uid='av-1kpje56p' custom_class='' admin_preview_bg=''][/av_image]
https://howtomanageasmalllawfirm.com/testimonial-alfredo/,[av_image src='https://howtomanageasmalllawfirm.com/wp-content/uploads/2019/02/inc5000_tag-twice.png' attachment='51926' attachment_size='full' align='center' styling='' hover='' link='' target='' caption='' font_size='' appearance='' overlay_opacity='0.4' overlay_color='#000000' overlay_text_color='#ffffff' copyright='' animation='no-animation' av_uid='av-1kpje56p' custom_class='' admin_preview_bg=''][/av_image]
https://howtomanageasmalllawfirm.com/testimonial-jonathan-sparks/,[av_image src='https://howtomanageasmalllawfirm.com/wp-content/uploads/2019/02/inc5000_tag-twice.png' attachment='51926' attachment_size='full' align='center' styling='' hover='' link='' target='' caption='' font_size='' appearance='' overlay_opacity='0.4' overlay_color='#000000' overlay_text_color='#ffffff' copyright='' animation='no-animation' av_uid='av-1kpje56p' custom_class='' admin_preview_bg=''][/av_image]
https://howtomanageasmalllawfirm.com/testimonial-hilary/,[av_image src='https://howtomanageasmalllawfirm.com/wp-content/uploads/2019/02/inc5000_tag-twice.png' attachment='51926' attachment_size='full' align='center' styling='' hover='' link='' target='' caption='' font_size='' appearance='' overlay_opacity='0.4' overlay_color='#000000' overlay_text_color='#ffffff' copyright='' animation='no-animation' av_uid='av-1kpje56p' custom_class='' admin_preview_bg=''][/av_image]
https://howtomanageasmalllawfirm.com/boat-video-series-landing-2/,[av_image src='https://howtomanageasmalllawfirm.com/wp-content/uploads/2019/06/Inc500_ranking-1030x102.png' attachment='54000' attachment_size='large' align='center' styling='' hover='' link='' target='' caption='' font_size='' appearance='' overlay_opacity='0.4' overlay_color='#000000' overlay_text_color='#ffffff' copyright='' animation='no-animation' av_uid='av-jzbbtki4' custom_class='' admin_preview_bg=''][/av_image]
https://howtomanageasmalllawfirm.com/boat-video-series-landing/,[av_image src='https://howtomanageasmalllawfirm.com/wp-content/uploads/2019/06/Inc500_ranking-1030x102.png' attachment='54000' attachment_size='large' align='center' styling='' hover='' link='' target='' caption='' font_size='' appearance='' overlay_opacity='0.4' overlay_color='#000000' overlay_text_color='#ffffff' copyright='' animation='no-animation' av_uid='av-jzbbtki4' custom_class='' admin_preview_bg=''][/av_image]
https://howtomanageasmalllawfirm.com/lf500-prep-club/,[av_image src='https://howtomanageasmalllawfirm.com/wp-content/uploads/2019/02/inc5000_tag-twice.png' attachment='51926' attachment_size='full' align='center' styling='' hover='' link='' target='' caption='' font_size='' appearance='' overlay_opacity='0.4' overlay_color='#000000' overlay_text_color='#ffffff' copyright='' animation='no-animation' av_uid='av-1kpje56p' custom_class='' admin_preview_bg=''][/av_image]
https://howtomanageasmalllawfirm.com/bootcamp-oct-2019/,[av_image src='https://howtomanageasmalllawfirm.com/wp-content/uploads/2019/02/inc5000_tag-twice.png' attachment='51926' attachment_size='full' align='center' styling='' hover='' link='' target='' caption='' font_size='' appearance='' overlay_opacity='0.4' overlay_color='#000000' overlay_text_color='#ffffff' copyright='' animation='no-animation' av_uid='av-1kpje56p' custom_class='' admin_preview_bg=''][/av_image]
https://howtomanageasmalllawfirm.com/home-2019/,[av_image src='https://howtomanageasmalllawfirm.com/wp-content/uploads/2019/06/Inc500_ranking-1030x102.png' attachment='54000' attachment_size='large' align='center' styling='' hover='' link='' target='' caption='' font_size='' appearance='' overlay_opacity='0.4' overlay_color='#000000' overlay_text_color='#ffffff' copyright='' animation='no-animation' av_uid='av-jxaxt2jh' custom_class='' admin_preview_bg=''][/av_image]
https://howtomanageasmalllawfirm.com/bootcamp-video-series-3/,[av_image src='https://howtomanageasmalllawfirm.com/wp-content/uploads/2019/02/inc5000_tag-twice.png' attachment='51926' attachment_size='full' align='center' styling='' hover='' link='' target='' caption='' font_size='' appearance='' overlay_opacity='0.4' overlay_color='#000000' overlay_text_color='#ffffff' copyright='' animation='no-animation' av_uid='av-1kpje56p' custom_class='' admin_preview_bg=''][/av_image]
https://howtomanageasmalllawfirm.com/bootcamp-video-series-2/,[av_image src='https://howtomanageasmalllawfirm.com/wp-content/uploads/2019/02/inc5000_tag-twice.png' attachment='51926' attachment_size='full' align='center' styling='' hover='' link='' target='' caption='' font_size='' appearance='' overlay_opacity='0.4' overlay_color='#000000' overlay_text_color='#ffffff' copyright='' animation='no-animation' av_uid='av-1kpje56p' custom_class='' admin_preview_bg=''][/av_image]
https://howtomanageasmalllawfirm.com/bootcamp-video-series-1/,[av_image src='https://howtomanageasmalllawfirm.com/wp-content/uploads/2019/02/inc5000_tag-twice.png' attachment='51926' attachment_size='full' align='center' styling='' hover='' link='' target='' caption='' font_size='' appearance='' overlay_opacity='0.4' overlay_color='#000000' overlay_text_color='#ffffff' copyright='' animation='no-animation' av_uid='av-1kpje56p' custom_class='' admin_preview_bg=''][/av_image]
https://howtomanageasmalllawfirm.com/bootcamp-q32019/,[av_image src='https://howtomanageasmalllawfirm.com/wp-content/uploads/2019/02/inc5000_tag-twice.png' attachment='51926' attachment_size='full' align='center' styling='' hover='' link='' target='' caption='' font_size='' appearance='' overlay_opacity='0.4' overlay_color='#000000' overlay_text_color='#ffffff' copyright='' animation='no-animation' av_uid='av-1kpje56p' custom_class='' admin_preview_bg=''][/av_image]
https://howtomanageasmalllawfirm.com/bootcamp-4/,[av_image src='https://howtomanageasmalllawfirm.com/wp-content/uploads/2019/02/inc5000_tag-twice.png' attachment='51926' attachment_size='full' align='center' styling='' hover='' link='' target='' caption='' font_size='' appearance='' overlay_opacity='0.4' overlay_color='#000000' overlay_text_color='#ffffff' copyright='' animation='no-animation' av_uid='av-1kpje56p' custom_class='' admin_preview_bg=''][/av_image]
https://howtomanageasmalllawfirm.com/our-department/,"[av_image src='https://howtomanageasmalllawfirm.com/wp-content/uploads/2020/08/2020-inc5000_tag-text.jpg' attachment='62332' attachment_size='full' align='center' styling='' hover='' link='manually,https://www.inc.com/profile/how-to-manage-a-small-law-firm' target='' caption='' font_size='' appearance='' overlay_opacity='0.4' overlay_color='#000000' overlay_text_color='#ffffff' copyright='' animation='no-animation' av_uid='av-1bht0o7e' custom_class='' admin_preview_bg=''][/av_image]"
https://howtomanageasmalllawfirm.com/iolta-promo/,[av_image src='http://howtomanageasmalllawfirm.com/wp-content/uploads/2015/05/166x162-Inc5000-starburst.jpg' attachment='33852' attachment_size='full' align='center' animation='no-animation' styling='' hover='' link='' target='' caption='' font_size='' appearance='' overlay_opacity='0.4' overlay_color='#000000' overlay_text_color='#ffffff' av_uid='av-5v4t025'][/av_image]
https://howtomanageasmalllawfirm.com/lawschoolgrads-ty/,[av_image src='https://howtomanageasmalllawfirm.com/wp-content/uploads/2019/02/inc5000_tag-twice.png' attachment='51926' attachment_size='full' align='center' styling='' hover='' link='' target='' caption='' font_size='' appearance='' overlay_opacity='0.4' overlay_color='#000000' overlay_text_color='#ffffff' copyright='' animation='no-animation' av_uid='av-1kpje56p' custom_class='' admin_preview_bg=''][/av_image]
https://howtomanageasmalllawfirm.com/lawschoolgrads/,[av_image src='https://howtomanageasmalllawfirm.com/wp-content/uploads/2019/02/inc5000_tag-twice.png' attachment='51926' attachment_size='full' align='center' styling='' hover='' link='' target='' caption='' font_size='' appearance='' overlay_opacity='0.4' overlay_color='#000000' overlay_text_color='#ffffff' copyright='' animation='no-animation' av_uid='av-1kpje56p' custom_class='' admin_preview_bg=''][/av_image]
https://howtomanageasmalllawfirm.com/bootcamp-2/,[av_image src='https://howtomanageasmalllawfirm.com/wp-content/uploads/2019/02/inc5000_tag-twice.png' attachment='51926' attachment_size='full' align='center' styling='' hover='' link='' target='' caption='' font_size='' appearance='' overlay_opacity='0.4' overlay_color='#000000' overlay_text_color='#ffffff' copyright='' animation='no-animation' av_uid='av-1kpje56p' custom_class='' admin_preview_bg=''][/av_image]
https://howtomanageasmalllawfirm.com/bootcamp-orig/,[av_image src='https://howtomanageasmalllawfirm.com/wp-content/uploads/2019/02/inc5000_tag-twice.png' attachment='51926' attachment_size='full' align='center' styling='' hover='' link='' target='' caption='' font_size='' appearance='' overlay_opacity='0.4' overlay_color='#000000' overlay_text_color='#ffffff' copyright='' animation='no-animation' av_uid='av-1kpje56p' custom_class='' admin_preview_bg=''][/av_image]
https://howtomanageasmalllawfirm.com/free-report-breaking/thank-you/,[av_image src='http://howtomanageasmalllawfirm.com/wp-content/uploads/2016/08/inc5000_tag-twice.png' attachment='38829' attachment_size='full' align='center' styling='' hover='' link='' target='' caption='' font_size='' appearance='' overlay_opacity='0.4' overlay_color='#000000' overlay_text_color='#ffffff' animation='pop-up' custom_class='' admin_preview_bg=''][/av_image]
https://howtomanageasmalllawfirm.com/free-report-upgrade/thank-you/,[av_image src='http://howtomanageasmalllawfirm.com/wp-content/uploads/2016/08/inc5000_tag-twice.png' attachment='38829' attachment_size='full' align='center' styling='' hover='' link='' target='' caption='' font_size='' appearance='' overlay_opacity='0.4' overlay_color='#000000' overlay_text_color='#ffffff' animation='pop-up' custom_class='' admin_preview_bg=''][/av_image]
https://howtomanageasmalllawfirm.com/free-report-create/thank-you/,[av_image src='http://howtomanageasmalllawfirm.com/wp-content/uploads/2016/08/inc5000_tag-twice.png' attachment='38829' attachment_size='full' align='center' styling='' hover='' link='' target='' caption='' font_size='' appearance='' overlay_opacity='0.4' overlay_color='#000000' overlay_text_color='#ffffff' animation='pop-up' custom_class='' admin_preview_bg=''][/av_image]
https://howtomanageasmalllawfirm.com/jamespublishingwebinar/,[av_image src='http://howtomanageasmalllawfirm.com/wp-content/uploads/2016/08/inc5000_tag-twice.png' attachment='38829' attachment_size='full' align='center' styling='' hover='' link='' target='' caption='' font_size='' appearance='' overlay_opacity='0.4' overlay_color='#000000' overlay_text_color='#ffffff' animation='no-animation' custom_class=''][/av_image]
https://howtomanageasmalllawfirm.com/jamespublishing-thank-you/,[av_image src='http://howtomanageasmalllawfirm.com/wp-content/uploads/2016/08/inc5000_tag-twice.png' attachment='38829' attachment_size='full' align='center' styling='' hover='' link='' target='' caption='' font_size='' appearance='' overlay_opacity='0.4' overlay_color='#000000' overlay_text_color='#ffffff' animation='pop-up' custom_class='' admin_preview_bg=''][/av_image]
https://howtomanageasmalllawfirm.com/aba2018-thank-you/,[av_image src='http://howtomanageasmalllawfirm.com/wp-content/uploads/2016/08/inc5000_tag-twice.png' attachment='38829' attachment_size='full' align='center' styling='' hover='' link='' target='' caption='' font_size='' appearance='' overlay_opacity='0.4' overlay_color='#000000' overlay_text_color='#ffffff' animation='pop-up' custom_class='' admin_preview_bg=''][/av_image]
https://howtomanageasmalllawfirm.com/billing-strategies-and-ar-eradication-thank-you/,[av_image src='http://howtomanageasmalllawfirm.com/wp-content/uploads/2017/09/inc-5000-3rd-Award-2014-2016.jpg' attachment='46297' attachment_size='full' align='center' styling='' hover='' link='' target='' caption='' font_size='' appearance='' overlay_opacity='0.4' overlay_color='#000000' overlay_text_color='#ffffff' animation='no-animation' custom_class='' admin_preview_bg=''][/av_image]
https://howtomanageasmalllawfirm.com/billing-and-ar-eradication/,[av_image src='http://howtomanageasmalllawfirm.com/wp-content/uploads/2017/09/inc-5000-3rd-Award-2014-2016.jpg' attachment='46297' attachment_size='full' align='center' styling='' hover='' link='' target='' caption='' font_size='' appearance='' overlay_opacity='0.4' overlay_color='#000000' overlay_text_color='#ffffff' animation='no-animation' custom_class='' admin_preview_bg=''][/av_image]
https://howtomanageasmalllawfirm.com/abatech2017/,[av_image src='http://howtomanageasmalllawfirm.com/wp-content/uploads/2016/08/inc5000_tag-twice.png' attachment='38829' attachment_size='full' align='center' styling='' hover='' link='' target='' caption='' font_size='' appearance='' overlay_opacity='0.4' overlay_color='#000000' overlay_text_color='#ffffff' animation='pop-up' custom_class='' admin_preview_bg=''][/av_image]
https://howtomanageasmalllawfirm.com/home/,"[av_image src='https://howtomanageasmalllawfirm.com/wp-content/uploads/2019/11/inc5000_tag-twice-corrected.png' attachment='57246' attachment_size='full' align='center' styling='' hover='' link='manually,https://www.inc.com/profile/how-to-manage-a-small-law-firm' target='' caption='' font_size='' appearance='' overlay_opacity='0.4' overlay_color='#000000' overlay_text_color='#ffffff' copyright='' animation='no-animation' av_uid='av-zrp61ck' custom_class='' admin_preview_bg=''][/av_image]"
https://howtomanageasmalllawfirm.com/recruiting/,[av_image src='http://howtomanageasmalllawfirm.com/wp-content/uploads/2016/08/inc5000_tag-twice.png' attachment='38829' attachment_size='full' align='center' styling='' hover='' link='' target='' caption='' font_size='' appearance='' overlay_opacity='0.4' overlay_color='#000000' overlay_text_color='#ffffff' animation='no-animation' custom_class=''][/av_image]
https://howtomanageasmalllawfirm.com/available-positions/,[av_image src='http://howtomanageasmalllawfirm.com/wp-content/uploads/2016/08/inc5000_tag-twice.png' attachment='38829' attachment_size='full' align='center' styling='' hover='' link='' target='' caption='' font_size='' appearance='' overlay_opacity='0.4' overlay_color='#000000' overlay_text_color='#ffffff' animation='no-animation' custom_class=''][/av_image]
https://howtomanageasmalllawfirm.com/webinar-appointment/,[av_image src='http://howtomanageasmalllawfirm.com/wp-content/uploads/2015/08/Inc_5000_starburst.png' attachment='33777' attachment_size='full' align='center' styling='' hover='' link='' target='' caption='' font_size='' appearance='' overlay_opacity='0.4' overlay_color='#000000' overlay_text_color='#ffffff' animation='no-animation' custom_class=''][/av_image]
https://howtomanageasmalllawfirm.com/hiringtest/,[av_image src='http://howtomanageasmalllawfirm.com/wp-content/uploads/2016/08/inc5000_stars.png' attachment='38794' attachment_size='full' align='center' styling='' hover='' link='' target='' caption='' font_size='' appearance='' overlay_opacity='0.4' overlay_color='#000000' overlay_text_color='#ffffff' animation='no-animation' custom_class=''][/av_image]
https://howtomanageasmalllawfirm.com/sausagefactory2016/,[av_image src='http://howtomanageasmalllawfirm.com/wp-content/uploads/2016/08/inc5000_stars.png' attachment='38794' attachment_size='full' align='center' styling='' hover='' link='' target='' caption='' font_size='' appearance='' overlay_opacity='0.4' overlay_color='#000000' overlay_text_color='#ffffff' animation='no-animation' custom_class=''][/av_image]
https://howtomanageasmalllawfirm.com/thelast90days/,[av_image src='http://howtomanageasmalllawfirm.com/wp-content/uploads/2016/08/inc5000_1200.png' attachment='38821' attachment_size='full' align='center' styling='' hover='' link='' target='' caption='' font_size='' appearance='' overlay_opacity='0.4' overlay_color='#000000' overlay_text_color='#ffffff' animation='no-animation' custom_class=''][/av_image]
https://howtomanageasmalllawfirm.com/appointmentnow/,[av_image src='http://howtomanageasmalllawfirm.com/wp-content/uploads/2016/09/ashbylaw-inc500.jpg' attachment='39044' attachment_size='full' align='center' styling='' hover='' link='' target='' caption='' font_size='' appearance='' overlay_opacity='0.4' overlay_color='#000000' overlay_text_color='#ffffff' animation='no-animation' custom_class=''][/av_image]
https://howtomanageasmalllawfirm.com/thanks-for-contacting-us/,[av_image src='http://howtomanageasmalllawfirm.com/wp-content/uploads/2016/08/inc5000_tag-twice.png' attachment='38829' attachment_size='full' align='center' styling='' hover='' link='' target='' caption='' font_size='' appearance='' overlay_opacity='0.4' overlay_color='#000000' overlay_text_color='#ffffff' animation='no-animation' custom_class=''][/av_image]
https://howtomanageasmalllawfirm.com/you-are-signed-up-for-the-newsletter/,[av_image src='https://howtomanageasmalllawfirm.com/wp-content/uploads/2020/10/inc-5000-award-years-white-bkgnd.jpg' attachment='63338' attachment_size='full' align='center' styling='' hover='' link='' target='' caption='' font_size='' appearance='' overlay_opacity='0.4' overlay_color='#000000' overlay_text_color='#ffffff' copyright='' animation='no-animation' av_uid='av-2fvyl0g' custom_class='' admin_preview_bg=''][/av_image]
https://howtomanageasmalllawfirm.com/appointment-lawfirmkitgrowth/,[av_image src='https://howtomanageasmalllawfirm.com/wp-content/uploads/2019/11/inc5000_tag-twice-corrected.png' attachment='57246' attachment_size='full' align='center' styling='' hover='' link='' target='' caption='' font_size='' appearance='' overlay_opacity='0.4' overlay_color='#000000' overlay_text_color='#ffffff' copyright='' animation='no-animation' av_uid='av-17nmriz' custom_class='' admin_preview_bg=''][/av_image]
https://howtomanageasmalllawfirm.com/appointment-kit/,[av_image src='http://howtomanageasmalllawfirm.com/wp-content/uploads/2016/08/inc5000_tag-twice.png' attachment='38829' attachment_size='full' align='center' styling='' hover='' link='' target='' caption='' font_size='' appearance='' overlay_opacity='0.4' overlay_color='#000000' overlay_text_color='#ffffff' animation='no-animation' custom_class=''][/av_image]
https://howtomanageasmalllawfirm.com/press/,"[av_image src='http://howtomanageasmalllawfirm.com/wp-content/uploads/2016/08/inc5000_tag-twice.png' attachment='38829' attachment_size='full' align='center' styling='' hover='' link='manually,https://www.inc.com/profile/how-to-manage-a-small-law-firm' target='' caption='' font_size='' appearance='' overlay_opacity='0.4' overlay_color='#000000' overlay_text_color='#ffffff' copyright='' animation='no-animation' av_uid='av-8gowd9c' custom_class='' admin_preview_bg=''][/av_image]"
https://howtomanageasmalllawfirm.com/90daylookback/,[av_image src='http://howtomanageasmalllawfirm.com/wp-content/uploads/2014/09/inc5000_tag.png' attachment='33900' attachment_size='full' align='center' styling='' hover='' link='' target='' caption='' font_size='' appearance='' overlay_opacity='0.4' overlay_color='#000000' overlay_text_color='#ffffff' animation='no-animation' custom_class=''][/av_image]
https://howtomanageasmalllawfirm.com/lunchandlearn/,[av_image src='http://howtomanageasmalllawfirm.com/wp-content/uploads/2014/09/inc5000_tag.png' attachment='33900' attachment_size='full' align='center' animation='no-animation' styling='' hover='' link='' target='' caption='' font_size='' appearance='' overlay_opacity='0.4' overlay_color='#000000' overlay_text_color='#ffffff' av_uid='av-4un95q'][/av_image]
https://howtomanageasmalllawfirm.com/getoutoftheweed/,[av_image src='http://howtomanageasmalllawfirm.com/wp-content/uploads/2014/09/inc5000_tag.png' attachment='33900' attachment_size='full' align='center' styling='' hover='' link='' target='' caption='' font_size='' appearance='' overlay_opacity='0.4' overlay_color='#000000' overlay_text_color='#ffffff' animation='no-animation' custom_class=''][/av_image]
https://howtomanageasmalllawfirm.com/getoutoftheweeds/,[av_image src='http://howtomanageasmalllawfirm.com/wp-content/uploads/2014/09/inc5000_tag.png' attachment='33900' attachment_size='full' align='center' styling='' hover='' link='' target='' caption='' font_size='' appearance='' overlay_opacity='0.4' overlay_color='#000000' overlay_text_color='#ffffff' animation='no-animation' custom_class=''][/av_image]
https://howtomanageasmalllawfirm.com/answersfromthemillionclub/,[av_image src='http://howtomanageasmalllawfirm.com/wp-content/uploads/2014/09/inc5000_tag.png' attachment='33900' attachment_size='full' align='center' styling='' hover='' link='' target='' caption='' font_size='' appearance='' overlay_opacity='0.4' overlay_color='#000000' overlay_text_color='#ffffff' animation='no-animation' custom_class=''][/av_image]
https://howtomanageasmalllawfirm.com/taxesworkshoppaid/,[av_image src='http://howtomanageasmalllawfirm.com/wp-content/uploads/2015/08/Inc_5000_starburst.png' attachment='33777' attachment_size='full' align='left' styling='' hover='' link='' target='' caption='' font_size='' appearance='' overlay_opacity='0.4' overlay_color='#000000' overlay_text_color='#ffffff' animation='no-animation' custom_class=''][/av_image]
https://howtomanageasmalllawfirm.com/taxes/,[av_image src='http://howtomanageasmalllawfirm.com/wp-content/uploads/2015/08/Inc_5000_starburst.png' attachment='33777' attachment_size='full' align='left' styling='' hover='' link='' target='' caption='' font_size='' appearance='' overlay_opacity='0.4' overlay_color='#000000' overlay_text_color='#ffffff' animation='no-animation' custom_class=''][/av_image]
https://howtomanageasmalllawfirm.com/thank-you-for-taking-action/,[av_image src='http://howtomanageasmalllawfirm.com/wp-content/uploads/2014/09/inc5000_tag.png' attachment='33900' attachment_size='full' align='center' animation='pop-up' styling='' hover='' link='' target='' caption='' font_size='' appearance='' overlay_opacity='0.4' overlay_color='#000000' overlay_text_color='#ffffff'][/av_image]
https://howtomanageasmalllawfirm.com/lawyernomics/,[av_image src='http://howtomanageasmalllawfirm.com/wp-content/uploads/2014/09/inc5000_tag.png' attachment='33900' attachment_size='full' align='center' styling='' hover='' link='' target='' caption='' font_size='' appearance='' overlay_opacity='0.4' overlay_color='#000000' overlay_text_color='#ffffff' animation='no-animation' custom_class='' admin_preview_bg=''][/av_image]
https://howtomanageasmalllawfirm.com/vipreferral/,[av_image src='http://howtomanageasmalllawfirm.com/wp-content/uploads/2014/09/inc5000_tag.png' attachment='33900' attachment_size='full' align='center' animation='no-animation' styling='' hover='' link='' target='' caption='' font_size='' appearance='' overlay_opacity='0.4' overlay_color='#000000' overlay_text_color='#ffffff' av_uid='av-4unl85u'][/av_image]
https://howtomanageasmalllawfirm.com/abatech/,[av_image src='http://howtomanageasmalllawfirm.com/wp-content/uploads/2014/09/inc5000_tag.png' attachment='33900' attachment_size='full' align='center' animation='pop-up' styling='' hover='' link='' target='' caption='' font_size='' appearance='' overlay_opacity='0.4' overlay_color='#000000' overlay_text_color='#ffffff'][/av_image]
https://howtomanageasmalllawfirm.com/lawpractice/creatingasuccessfullawpractice-avoidingthe6mostcommonmistakes1/,[av_image src='http://howtomanageasmalllawfirm.com/wp-content/uploads/2014/09/inc5000_tag.png' attachment='33900' attachment_size='full' align='center' animation='no-animation' styling='' hover='' link='' target='' caption='' font_size='' appearance='' overlay_opacity='0.4' overlay_color='#000000' overlay_text_color='#ffffff'][/av_image]
https://howtomanageasmalllawfirm.com/legaltech2017/,[av_image src='http://howtomanageasmalllawfirm.com/wp-content/uploads/2016/08/inc5000_tag-twice-1030x131.png' attachment='38829' attachment_size='large' align='center' styling='' hover='' link='' target='' caption='' font_size='' appearance='' overlay_opacity='0.4' overlay_color='#000000' overlay_text_color='#ffffff' animation='pop-up' custom_class=''][/av_image]
https://howtomanageasmalllawfirm.com/attention_all_lawyers/,[av_image src='http://howtomanageasmalllawfirm.com/wp-content/uploads/2015/05/166x162-Inc5000-starburst.jpg' attachment='33852' attachment_size='full' align='center' animation='no-animation' styling='' hover='' link='' target='' caption='' font_size='' appearance='' overlay_opacity='0.4' overlay_color='#000000' overlay_text_color='#ffffff'][/av_image]
https://howtomanageasmalllawfirm.com/preregister-for-legal-tech-form/,[av_image src='http://howtomanageasmalllawfirm.com/wp-content/uploads/2015/08/HTM_logo_New_inc5000-300x236.png' attachment='33813' attachment_size='medium' align='center' animation='no-animation' styling='' hover='' link='' target='' caption='' font_size='' appearance='' overlay_opacity='0.4' overlay_color='#000000' overlay_text_color='#ffffff'][/av_image]
https://howtomanageasmalllawfirm.com/rsvplunchhtm/,[av_image src='http://howtomanageasmalllawfirm.com/wp-content/uploads/2014/09/inc5000_tag.png' attachment='33900' attachment_size='full' align='center' animation='no-animation' styling='' hover='' link='' target='' caption='' font_size='' appearance='' overlay_opacity='0.4' overlay_color='#000000' overlay_text_color='#ffffff'][/av_image]
https://howtomanageasmalllawfirm.com/preregister-for-legal-tech-thank-you/,[av_image src='http://howtomanageasmalllawfirm.com/wp-content/uploads/2014/09/inc5000_tag.png' attachment='33900' attachment_size='full' align='center' animation='pop-up' styling='' hover='' link='' target='' caption='' font_size='' appearance='' overlay_opacity='0.4' overlay_color='#000000' overlay_text_color='#ffffff'][/av_image]
https://howtomanageasmalllawfirm.com/preregister-for-legal-tech/,[av_image src='http://howtomanageasmalllawfirm.com/wp-content/uploads/2015/08/HTM_logo_New_inc5000-300x236.png' attachment='33813' attachment_size='medium' align='center' animation='no-animation' styling='' hover='' link='' target='' caption='' font_size='' appearance='' overlay_opacity='0.4' overlay_color='#000000' overlay_text_color='#ffffff'][/av_image]
https://howtomanageasmalllawfirm.com/tuneup/,"[av_image src='http://howtomanageasmalllawfirm.com/wp-content/uploads/2015/12/4stages-HTM-graphic-495x400.jpg' attachment='34112' attachment_size='portfolio' align='center' animation='no-animation' styling='' hover='' link='' target='' caption='' font_size='' appearance='' overlay_opacity='0.4' overlay_color='#000000' overlay_text_color='#ffffff'][/av_image] [/av_one_half][av_one_half] [av_hr class='invisible' height='120' shadow='no-shadow' position='center' custom_border='av-border-thin' custom_width='50px' custom_border_color='' custom_margin_top='30px' custom_margin_bottom='30px' icon_select='yes' custom_icon_color='' icon='ue808' font='entypo-fontello'] [av_video src='https://vimeo.com/122081771' format='16-9' width='16' height='9'] [av_image src='http://howtomanageasmalllawfirm.com/wp-content/uploads/2015/12/htmlogoINC5000-small-300x134.gif' attachment='34118' attachment_size='medium' align='center' animation='no-animation' styling='' hover='' link='' target='' caption='' font_size='' appearance='' overlay_opacity='0.4' overlay_color='#000000' overlay_text_color='#ffffff'][/av_image] [/av_one_half][/av_section][av_heading tag='h3' padding='20' heading='Building a highly successful small law firm doesnt have to be complicated. Lets just take it step-by-step:' color='custom-color-heading' style='blockquote modern-quote modern-centered' custom_font='#ff6600' size='30' subheading_active='' subheading_size='15' custom_class=''][/av_heading] [av_image src='http://dev.howtomanageasmalllawfirm.com/wp-content/uploads/2011/03/questions_2.png' attachment='32535' attachment_size='full' align='center' animation='pop-up' styling='' hover='' link='' target='' caption='' font_size='' appearance='' overlay_opacity='0.4' overlay_color='#000000' overlay_text_color='#ffffff'][/av_image] [av_one_full first] [av_heading tag='h1' padding='10' heading='Frequently Asked Questions' color='' style='blockquote modern-quote modern-centered' custom_font='' size='' subheading_active='' subheading_size='15' custom_class=''][/av_heading] [av_heading tag='h1' padding='10' heading='Q. Why?' color='custom-color-heading' style='blockquote modern-quote' custom_font='#ff6600' size='' subheading_active='' subheading_size='15' custom_class=''] RJon, why are you willing to give me a complimentary strategy call with a member of your team? [/av_heading] [av_textblock size='24' font_color='' color=''] <a href=""http://howtomanageasmalllawfirm.com/wp-content/uploads/2015/03/arrow.jpg""><img class=""alignleft wp-image-31780 "" src=""http://howtomanageasmalllawfirm.com/wp-content/uploads/2015/03/arrow.jpg"" alt="""" width=""75"" height=""80"" /></a><strong>RJon, why are you willing to give me a complimentary strategy call with a member of your team?</strong> [/av_textblock] [av_textblock size='18' font_color='' color='']"
https://howtomanageasmalllawfirm.com/download-tgr-ch15-engage-nov-2015/,[av_image src='http://howtomanageasmalllawfirm.com/wp-content/uploads/2014/09/inc5000_tag.png' attachment='33900' attachment_size='full' align='center' animation='no-animation' styling='' hover='' link='' target='' caption='' font_size='' appearance='' overlay_opacity='0.4' overlay_color='#000000' overlay_text_color='#ffffff'][/av_image]
https://howtomanageasmalllawfirm.com/inc5000/,"[av_image src='http://howtomanageasmalllawfirm.com/wp-content/uploads/2015/08/button_download_now.png' attachment='33806' attachment_size='full' align='center' animation='no-animation' styling='' hover='' link='manually,http://howtomanageasmalllawfirm.com/wp-content/uploads/2015/08/Press-Kit-Inc5000.pdf' target='' caption='' font_size='' appearance='' overlay_opacity='0.4' overlay_color='#000000' overlay_text_color='#ffffff'][/av_image]"
https://howtomanageasmalllawfirm.com/2015-07-lqm-highlights/,"img class=""alignleft  wp-image-33852"" src=""http://howtomanageasmalllawfirm.com/wp-content/uploads/2015/05/166x162-Inc5000-starburst.jpg"" alt=""166x162-Inc5000-starburst"" width=""151"" height=""149"" />"
https://howtomanageasmalllawfirm.com/lawisbusiness/,"img class=""alignleft size-full wp-image-33852"" src=""http://howtomanageasmalllawfirm.com/wp-content/uploads/2015/05/166x162-Inc5000-starburst.jpg"" alt=""166x162-Inc5000-starburst"" width=""166"" height=""162"" />"
https://howtomanageasmalllawfirm.com/wisconsin/,"img class=""alignleft size-full wp-image-33852"" src=""http://howtomanageasmalllawfirm.com/wp-content/uploads/2015/05/166x162-Inc5000-starburst.jpg"" alt=""166x162-Inc5000-starburst"" width=""166"" height=""162"" />"
https://howtomanageasmalllawfirm.com/industry-insight/,"img class=""alignleft size-full wp-image-33852"" src=""http://howtomanageasmalllawfirm.com/wp-content/uploads/2015/05/166x162-Inc5000-starburst.jpg"" alt=""166x162-Inc5000-starburst"" width=""166"" height=""162"" />"
https://howtomanageasmalllawfirm.com/setting-up-correctly-your-iolta-trust-account-video/,[av_image src='http://howtomanageasmalllawfirm.com/wp-content/uploads/2014/09/inc5000_tag.png' attachment='33900' attachment_size='full' align='center' animation='no-animation' styling='' hover='' link='' target='' caption='' font_size='' appearance='' overlay_opacity='0.4' overlay_color='#000000' overlay_text_color='#ffffff'][/av_image]
https://howtomanageasmalllawfirm.com/3questions/,[av_image src='https://howtomanageasmalllawfirm.com/wp-content/uploads/2020/08/2020-inc5000_tag-text.jpg' attachment='62332' attachment_size='full' align='center' styling='' hover='' link='' target='' caption='' font_size='' appearance='' overlay_opacity='0.4' overlay_color='#000000' overlay_text_color='#ffffff' copyright='' animation='no-animation' av_uid='av-kpguw7c9' custom_class='' admin_preview_bg=''][/av_image]
https://howtomanageasmalllawfirm.com/upgrading-law-practice-into-law-firm-business/upgrading-law-practice-into-law-firm-business-video-2/,"img class=""alignleft size-full wp-image-33852"" src=""http://howtomanageasmalllawfirm.com/wp-content/uploads/2015/05/166x162-Inc5000-starburst.jpg"" alt=""166x162-Inc5000-starburst"" width=""166"" height=""162"" />"
https://howtomanageasmalllawfirm.com/breaking-6/,[av_image src='http://howtomanageasmalllawfirm.com/wp-content/uploads/2014/09/inc5000_tag.png' attachment='33900' attachment_size='full' align='center' animation='no-animation' styling='' hover='' link='' target='' caption='' font_size='' appearance='' overlay_opacity='0.4' overlay_color='#000000' overlay_text_color='#ffffff'][/av_image]
https://howtomanageasmalllawfirm.com/breaking-5/,[av_image src='http://howtomanageasmalllawfirm.com/wp-content/uploads/2014/09/inc5000_tag.png' attachment='33900' attachment_size='full' align='center' animation='no-animation' styling='' hover='' link='' target='' caption='' font_size='' appearance='' overlay_opacity='0.4' overlay_color='#000000' overlay_text_color='#ffffff'][/av_image]
https://howtomanageasmalllawfirm.com/breaking-4/,[av_image src='http://howtomanageasmalllawfirm.com/wp-content/uploads/2014/09/inc5000_tag.png' attachment='33900' attachment_size='full' align='center' animation='no-animation' styling='' hover='' link='' target='' caption='' font_size='' appearance='' overlay_opacity='0.4' overlay_color='#000000' overlay_text_color='#ffffff'][/av_image]
https://howtomanageasmalllawfirm.com/breaking-3/,[av_image src='http://howtomanageasmalllawfirm.com/wp-content/uploads/2014/09/inc5000_tag.png' attachment='33900' attachment_size='full' align='center' animation='no-animation' styling='' hover='' link='' target='' caption='' font_size='' appearance='' overlay_opacity='0.4' overlay_color='#000000' overlay_text_color='#ffffff'][/av_image]
https://howtomanageasmalllawfirm.com/breaking-2/,[av_image src='http://howtomanageasmalllawfirm.com/wp-content/uploads/2014/09/inc5000_tag.png' attachment='33900' attachment_size='full' align='center' animation='no-animation' styling='' hover='' link='' target='' caption='' font_size='' appearance='' overlay_opacity='0.4' overlay_color='#000000' overlay_text_color='#ffffff'][/av_image]
https://howtomanageasmalllawfirm.com/breaking-1/,[av_image src='http://howtomanageasmalllawfirm.com/wp-content/uploads/2014/09/inc5000_tag.png' attachment='33900' attachment_size='full' align='center' animation='no-animation' styling='' hover='' link='' target='' caption='' font_size='' appearance='' overlay_opacity='0.4' overlay_color='#000000' overlay_text_color='#ffffff'][/av_image]
https://howtomanageasmalllawfirm.com/rainmakerretreat/,"img class=""alignleft size-full wp-image-33852"" src=""http://howtomanageasmalllawfirm.com/wp-content/uploads/2015/05/166x162-Inc5000-starburst.jpg"" alt=""166x162-Inc5000-starburst"" width=""166"" height=""162"" />"
https://howtomanageasmalllawfirm.com/scheduling/,"img class=""alignleft size-full wp-image-33852"" src=""http://howtomanageasmalllawfirm.com/wp-content/uploads/2015/05/166x162-Inc5000-starburst.jpg"" alt=""166x162-Inc5000-starburst"" width=""166"" height=""162"" />"
https://howtomanageasmalllawfirm.com/free-download/,[av_image src='http://howtomanageasmalllawfirm.com/wp-content/uploads/2014/09/inc5000_tag.png' attachment='33900' attachment_size='full' align='center' animation='no-animation' styling='' hover='' link='' target='' caption='' font_size='' appearance='' overlay_opacity='0.4' overlay_color='#000000' overlay_text_color='#ffffff'][/av_image]
https://howtomanageasmalllawfirm.com/free-report/,[av_image src='http://howtomanageasmalllawfirm.com/wp-content/uploads/2014/09/inc5000_tag.png' attachment='33900' attachment_size='full' align='center' animation='no-animation' styling='' hover='' link='' target='' caption='' font_size='' appearance='' overlay_opacity='0.4' overlay_color='#000000' overlay_text_color='#ffffff'][/av_image]
https://howtomanageasmalllawfirm.com/home-2/,[av_image src='http://howtomanageasmalllawfirm.com/wp-content/uploads/2016/08/inc5000_tag-twice.png' attachment='38829' attachment_size='full' align='center' styling='' hover='' link='' target='' caption='' font_size='' appearance='' overlay_opacity='0.4' overlay_color='#000000' overlay_text_color='#ffffff' animation='no-animation' custom_class=''][/av_image]
https://howtomanageasmalllawfirm.com/4-stages-of-your-firm/,"[av_image src='http://howtomanageasmalllawfirm.com/wp-content/uploads/2016/08/inc5000_tag-twice.png' attachment='38829' attachment_size='full' align='center' styling='' hover='' link='manually,https://www.inc.com/profile/how-to-manage-a-small-law-firm' target='' caption='' font_size='' appearance='' overlay_opacity='0.4' overlay_color='#000000' overlay_text_color='#ffffff' copyright='' animation='no-animation' av_uid='av-1tk3n6l' custom_class='' admin_preview_bg=''][/av_image]"
https://howtomanageasmalllawfirm.com/the-community/,"[av_image src='https://howtomanageasmalllawfirm.com/wp-content/uploads/2020/08/2020-inc5000_tag-text.jpg' attachment='62332' attachment_size='full' align='center' styling='' hover='' link='manually,https://www.inc.com/profile/how-to-manage-a-small-law-firm' target='' caption='' font_size='' appearance='' overlay_opacity='0.4' overlay_color='#000000' overlay_text_color='#ffffff' copyright='' animation='no-animation' av_uid='av-2b7u4r' custom_class='' admin_preview_bg=''][/av_image]"
https://howtomanageasmalllawfirm.com/outside-ceo-coo-cfo/,"[av_image src='https://howtomanageasmalllawfirm.com/wp-content/uploads/2020/08/2020-inc5000_tag-text.jpg' attachment='62332' attachment_size='full' align='center' styling='' hover='' link='manually,https://www.inc.com/profile/how-to-manage-a-small-law-firm' target='' caption='' font_size='' appearance='' overlay_opacity='0.4' overlay_color='#000000' overlay_text_color='#ffffff' copyright='' animation='no-animation' av_uid='av-lsqw89' custom_class='' admin_preview_bg=''][/av_image]"
https://howtomanageasmalllawfirm.com/about-us/,"[av_image src='https://howtomanageasmalllawfirm.com/wp-content/uploads/2020/08/2020-inc5000_tag-text.jpg' attachment='62332' attachment_size='full' align='center' styling='' hover='' link='manually,https://www.inc.com/profile/how-to-manage-a-small-law-firm' target='' caption='' font_size='' appearance='' overlay_opacity='0.4' overlay_color='#000000' overlay_text_color='#ffffff' copyright='' animation='no-animation' av_uid='av-caw9d' custom_class='' admin_preview_bg=''][/av_image]"
https://howtomanageasmalllawfirm.com/white-paper-download/,[av_image src='https://howtomanageasmalllawfirm.com/wp-content/uploads/2020/08/2020-inc5000_tag-text.jpg' attachment='62332' attachment_size='full' align='center' styling='' hover='' link='' target='' caption='' font_size='' appearance='' overlay_opacity='0.4' overlay_color='#000000' overlay_text_color='#ffffff' copyright='' animation='no-animation' av_uid='av-hykm38' custom_class='' admin_preview_bg=''][/av_image]
https://howtomanageasmalllawfirm.com/newsletter-sign-up/,[av_image src='https://howtomanageasmalllawfirm.com/wp-content/uploads/2020/08/2020-inc5000_tag-text.jpg' attachment='62332' attachment_size='full' align='center' styling='' hover='' link='' target='' caption='' font_size='' appearance='' overlay_opacity='0.4' overlay_color='#000000' overlay_text_color='#ffffff' copyright='' animation='no-animation' av_uid='av-c2uvdc' custom_class='' admin_preview_bg=''][/av_image]
https://howtomanageasmalllawfirm.com/white-paper/,[av_image src='https://howtomanageasmalllawfirm.com/wp-content/uploads/2020/08/2020-inc5000_tag-text.jpg' attachment='62332' attachment_size='full' align='center' styling='' hover='' link='' target='' caption='' font_size='' appearance='' overlay_opacity='0.4' overlay_color='#000000' overlay_text_color='#ffffff' copyright='' animation='no-animation' av_uid='av-ke6z6m' custom_class='' admin_preview_bg=''][/av_image]
https://howtomanageasmalllawfirm.com/iolta/,[av_image src='http://howtomanageasmalllawfirm.com/wp-content/uploads/2016/08/inc5000_tag-twice.png' attachment='38829' attachment_size='full' align='center' styling='' hover='' link='' target='' caption='' font_size='' appearance='' overlay_opacity='0.4' overlay_color='#000000' overlay_text_color='#ffffff' animation='no-animation' custom_class=''][/av_image]
https://howtomanageasmalllawfirm.com/testimonials-old/,[av_image src='http://howtomanageasmalllawfirm.com/wp-content/uploads/2016/08/inc5000_tag-twice.png' attachment='38829' attachment_size='full' align='center' styling='' hover='' link='' target='' caption='' font_size='' appearance='' overlay_opacity='0.4' overlay_color='#000000' overlay_text_color='#ffffff' animation='no-animation' custom_class=''][/av_image]
https://howtomanageasmalllawfirm.com/milliondollarsololawyersclub/,"[av_image src='http://howtomanageasmalllawfirm.com/wp-content/uploads/2016/08/inc5000_tag-twice.png' attachment='38829' attachment_size='full' align='center' styling='' hover='' link='manually,https://www.inc.com/profile/how-to-manage-a-small-law-firm' target='' caption='' font_size='' appearance='' overlay_opacity='0.4' overlay_color='#000000' overlay_text_color='#ffffff' copyright='' animation='no-animation' av_uid='av-108rai1' custom_class='' admin_preview_bg=''][/av_image]"
https://howtomanageasmalllawfirm.com/b7/,"[av_image src='http://howtomanageasmalllawfirm.com/wp-content/uploads/2016/08/inc5000_tag-twice.png' attachment='38829' attachment_size='full' align='center' styling='' hover='' link='manually,https://www.inc.com/profile/how-to-manage-a-small-law-firm' target='' caption='' font_size='' appearance='' overlay_opacity='0.4' overlay_color='#000000' overlay_text_color='#ffffff' copyright='' animation='no-animation' av_uid='av-snqrbw' custom_class='' admin_preview_bg=''][/av_image]"
https://howtomanageasmalllawfirm.com/upgrading-law-practice-into-law-firm-business/upgrading-law-practice-into-law-firm-business-video-1/,"img class=""alignleft wp-image-33852 size-full"" src=""https://howtomanageasmalllawfirm.com/wp-content/uploads/2015/05/166x162-Inc5000-starburst.jpg"" alt=""Inc 5000"" width=""166"" height=""162"" />"
https://howtomanageasmalllawfirm.com/upgrading-law-practice-into-law-firm-business/,"[av_image src='http://howtomanageasmalllawfirm.com/wp-content/uploads/2016/08/inc5000_tag-twice.png' attachment='38829' attachment_size='full' align='center' styling='' hover='' link='manually,https://www.inc.com/profile/how-to-manage-a-small-law-firm' target='' caption='' font_size='' appearance='' overlay_opacity='0.4' overlay_color='#000000' overlay_text_color='#ffffff' copyright='' animation='no-animation' av_uid='av-qbd744' custom_class='' admin_preview_bg=''][/av_image]"
https://howtomanageasmalllawfirm.com/lawpractice/0-250k-self-diagnostic/,[av_image src='http://howtomanageasmalllawfirm.com/wp-content/uploads/2014/09/inc5000_tag.png' attachment='33900' attachment_size='full' align='center' animation='no-animation' styling='' hover='' link='' target='' caption='' font_size='' appearance='' overlay_opacity='0.4' overlay_color='#000000' overlay_text_color='#ffffff'][/av_image]
https://howtomanageasmalllawfirm.com/lawpractice/lawpractice6mistakesallvideos/,[av_image src='http://howtomanageasmalllawfirm.com/wp-content/uploads/2014/09/inc5000_tag.png' attachment='33900' attachment_size='full' align='center' animation='no-animation' styling='' hover='' link='' target='' caption='' font_size='' appearance='' overlay_opacity='0.4' overlay_color='#000000' overlay_text_color='#ffffff'][/av_image]
https://howtomanageasmalllawfirm.com/lawpractice/,"[av_image src='http://howtomanageasmalllawfirm.com/wp-content/uploads/2016/08/inc5000_tag-twice.png' attachment='38829' attachment_size='full' align='center' styling='' hover='' link='manually,https://www.inc.com/profile/how-to-manage-a-small-law-firm' target='' caption='' font_size='' appearance='' overlay_opacity='0.4' overlay_color='#000000' overlay_text_color='#ffffff' copyright='' animation='no-animation' av_uid='av-kr0txs' custom_class='' admin_preview_bg=''][/av_image]"
https://howtomanageasmalllawfirm.com/appointments/,[av_image src='http://howtomanageasmalllawfirm.com/wp-content/uploads/2014/09/inc5000_tag.png' attachment='33900' attachment_size='full' align='center' styling='' hover='' link='' target='' caption='' font_size='' appearance='' overlay_opacity='0.4' overlay_color='#000000' overlay_text_color='#ffffff' animation='no-animation' custom_class=''][/av_image]
https://howtomanageasmalllawfirm.com/contact/,"[av_image src='https://howtomanageasmalllawfirm.com/wp-content/uploads/2020/08/2020-inc5000_tag-text.jpg' attachment='62332' attachment_size='full' align='center' styling='' hover='' link='manually,https://www.inc.com/profile/how-to-manage-a-small-law-firm' target='' caption='' font_size='' appearance='' overlay_opacity='0.4' overlay_color='#000000' overlay_text_color='#ffffff' copyright='' animation='no-animation' av_uid='av-20i70' custom_class='' admin_preview_bg=''][/av_image]"
